name of the body ; position x ; position y ; position z
sun;-3.7168e-06;-3.27838e-05;-3.27838e-05
jupiter;4.84734;-1.13216;-1.13216
saturn;8.33322;4.14303;4.14303
uranus;12.9052;-15.1025;-15.1025
neptune;15.3895;-25.9134;-25.9134
sun;-7.27352e-06;-6.55969e-05;-6.55969e-05
jupiter;4.85309;-1.10397;-1.10397
saturn;8.32303;4.16125;4.16125
uranus;12.916;-15.0938;-15.0938
neptune;15.3993;-25.9074;-25.9074
sun;-1.06699e-05;-9.84384e-05;-9.84384e-05
jupiter;4.85869;-1.07574;-1.07574
saturn;8.3128;4.17945;4.17945
uranus;12.9268;-15.085;-15.085
neptune;15.4091;-25.9015;-25.9015
sun;-1.39058e-05;-0.000131308;-0.000131308
jupiter;4.86413;-1.04748;-1.04748
saturn;8.30253;4.19762;4.19762
uranus;12.9376;-15.0763;-15.0763
neptune;15.4188;-25.8955;-25.8955
sun;-1.6981e-05;-0.000164203;-0.000164203
jupiter;4.86942;-1.01918;-1.01918
saturn;8.29222;4.21578;4.21578
uranus;12.9484;-15.0676;-15.0676
neptune;15.4286;-25.8895;-25.8895
sun;-1.98951e-05;-0.000197125;-0.000197125
jupiter;4.87455;-0.990852;-0.990852
saturn;8.28186;4.23391;4.23391
uranus;12.9592;-15.0589;-15.0589
neptune;15.4384;-25.8836;-25.8836
sun;-2.26482e-05;-0.000230071;-0.000230071
jupiter;4.87953;-0.962491;-0.962491
saturn;8.27147;4.25202;4.25202
uranus;12.97;-15.0501;-15.0501
neptune;15.4482;-25.8776;-25.8776
sun;-2.52398e-05;-0.000263042;-0.000263042
jupiter;4.88434;-0.934099;-0.934099
saturn;8.26104;4.27012;4.27012
uranus;12.9808;-15.0414;-15.0414
neptune;15.4579;-25.8716;-25.8716
sun;-2.76698e-05;-0.000296036;-0.000296036
jupiter;4.88901;-0.905677;-0.905677
saturn;8.25057;4.28819;4.28819
uranus;12.9915;-15.0326;-15.0326
neptune;15.4677;-25.8656;-25.8656
sun;-2.99381e-05;-0.000329052;-0.000329052
jupiter;4.89351;-0.877226;-0.877226
saturn;8.24005;4.30624;4.30624
uranus;13.0023;-15.0239;-15.0239
neptune;15.4775;-25.8596;-25.8596
sun;-3.20445e-05;-0.000362089;-0.000362089
jupiter;4.89786;-0.848747;-0.848747
saturn;8.2295;4.32427;4.32427
uranus;13.013;-15.0151;-15.0151
neptune;15.4873;-25.8537;-25.8537
sun;-3.39887e-05;-0.000395147;-0.000395147
jupiter;4.90205;-0.820241;-0.820241
saturn;8.2189;4.34227;4.34227
uranus;13.0238;-15.0063;-15.0063
neptune;15.497;-25.8477;-25.8477
sun;-3.57705e-05;-0.000428224;-0.000428224
jupiter;4.90608;-0.791708;-0.791708
saturn;8.20827;4.36026;4.36026
uranus;13.0345;-14.9975;-14.9975
neptune;15.5068;-25.8417;-25.8417
sun;-3.73899e-05;-0.00046132;-0.00046132
jupiter;4.90996;-0.76315;-0.76315
saturn;8.19759;4.37822;4.37822
uranus;13.0453;-14.9887;-14.9887
neptune;15.5165;-25.8357;-25.8357
sun;-3.88467e-05;-0.000494434;-0.000494434
jupiter;4.91367;-0.734567;-0.734567
saturn;8.18688;4.39617;4.39617
uranus;13.056;-14.9799;-14.9799
neptune;15.5263;-25.8297;-25.8297
sun;-4.01406e-05;-0.000527565;-0.000527565
jupiter;4.91723;-0.70596;-0.70596
saturn;8.17612;4.41409;4.41409
uranus;13.0667;-14.9711;-14.9711
neptune;15.536;-25.8237;-25.8237
sun;-4.12716e-05;-0.000560712;-0.000560712
jupiter;4.92063;-0.677331;-0.677331
saturn;8.16532;4.43199;4.43199
uranus;13.0774;-14.9623;-14.9623
neptune;15.5458;-25.8176;-25.8176
sun;-4.22394e-05;-0.000593874;-0.000593874
jupiter;4.92388;-0.64868;-0.64868
saturn;8.15449;4.44987;4.44987
uranus;13.0882;-14.9535;-14.9535
neptune;15.5556;-25.8116;-25.8116
sun;-4.3044e-05;-0.00062705;-0.00062705
jupiter;4.92696;-0.620008;-0.620008
saturn;8.14361;4.46772;4.46772
uranus;13.0989;-14.9447;-14.9447
neptune;15.5653;-25.8056;-25.8056
sun;-4.36852e-05;-0.000660239;-0.000660239
jupiter;4.92988;-0.591316;-0.591316
saturn;8.1327;4.48556;4.48556
uranus;13.1096;-14.9358;-14.9358
neptune;15.575;-25.7996;-25.7996
sun;-4.41629e-05;-0.000693441;-0.000693441
jupiter;4.93265;-0.562605;-0.562605
saturn;8.12174;4.50337;4.50337
uranus;13.1202;-14.927;-14.927
neptune;15.5848;-25.7936;-25.7936
sun;-4.44769e-05;-0.000726654;-0.000726654
jupiter;4.93526;-0.533876;-0.533876
saturn;8.11074;4.52116;4.52116
uranus;13.1309;-14.9181;-14.9181
neptune;15.5945;-25.7875;-25.7875
sun;-4.46271e-05;-0.000759878;-0.000759878
jupiter;4.93771;-0.50513;-0.50513
saturn;8.09971;4.53893;4.53893
uranus;13.1416;-14.9093;-14.9093
neptune;15.6043;-25.7815;-25.7815
sun;-4.46135e-05;-0.000793112;-0.000793112
jupiter;4.93999;-0.476367;-0.476367
saturn;8.08863;4.55667;4.55667
uranus;13.1523;-14.9004;-14.9004
neptune;15.614;-25.7755;-25.7755
sun;-4.44358e-05;-0.000826354;-0.000826354
jupiter;4.94212;-0.447589;-0.447589
saturn;8.07751;4.57439;4.57439
uranus;13.1629;-14.8915;-14.8915
neptune;15.6237;-25.7694;-25.7694
sun;-4.4094e-05;-0.000859604;-0.000859604
jupiter;4.94409;-0.418797;-0.418797
saturn;8.06636;4.59209;4.59209
uranus;13.1736;-14.8826;-14.8826
neptune;15.6335;-25.7634;-25.7634
sun;-4.3588e-05;-0.000892861;-0.000892861
jupiter;4.9459;-0.389991;-0.389991
saturn;8.05516;4.60977;4.60977
uranus;13.1842;-14.8737;-14.8737
neptune;15.6432;-25.7573;-25.7573
sun;-4.29177e-05;-0.000926124;-0.000926124
jupiter;4.94755;-0.361173;-0.361173
saturn;8.04393;4.62743;4.62743
uranus;13.1949;-14.8648;-14.8648
neptune;15.6529;-25.7513;-25.7513
sun;-4.20831e-05;-0.000959393;-0.000959393
jupiter;4.94905;-0.332342;-0.332342
saturn;8.03265;4.64506;4.64506
uranus;13.2055;-14.8559;-14.8559
neptune;15.6627;-25.7452;-25.7452
sun;-4.10839e-05;-0.000992665;-0.000992665
jupiter;4.95038;-0.303501;-0.303501
saturn;8.02134;4.66267;4.66267
uranus;13.2162;-14.847;-14.847
neptune;15.6724;-25.7392;-25.7392
sun;-3.99202e-05;-0.00102594;-0.00102594
jupiter;4.95155;-0.274651;-0.274651
saturn;8.00998;4.68025;4.68025
uranus;13.2268;-14.8381;-14.8381
neptune;15.6821;-25.7331;-25.7331
sun;-3.85919e-05;-0.00105922;-0.00105922
jupiter;4.95256;-0.245791;-0.245791
saturn;7.99859;4.69781;4.69781
uranus;13.2374;-14.8292;-14.8292
neptune;15.6918;-25.727;-25.727
sun;-3.70989e-05;-0.0010925;-0.0010925
jupiter;4.95341;-0.216923;-0.216923
saturn;7.98716;4.71535;4.71535
uranus;13.248;-14.8202;-14.8202
neptune;15.7015;-25.721;-25.721
sun;-3.54411e-05;-0.00112578;-0.00112578
jupiter;4.9541;-0.188049;-0.188049
saturn;7.97568;4.73287;4.73287
uranus;13.2586;-14.8113;-14.8113
neptune;15.7113;-25.7149;-25.7149
sun;-3.36186e-05;-0.00115906;-0.00115906
jupiter;4.95463;-0.159168;-0.159168
saturn;7.96417;4.75036;4.75036
uranus;13.2692;-14.8023;-14.8023
neptune;15.721;-25.7088;-25.7088
sun;-3.16312e-05;-0.00119234;-0.00119234
jupiter;4.955;-0.130282;-0.130282
saturn;7.95262;4.76783;4.76783
uranus;13.2798;-14.7934;-14.7934
neptune;15.7307;-25.7027;-25.7027
sun;-2.94789e-05;-0.00122561;-0.00122561
jupiter;4.9552;-0.101392;-0.101392
saturn;7.94103;4.78527;4.78527
uranus;13.2904;-14.7844;-14.7844
neptune;15.7404;-25.6967;-25.6967
sun;-2.71617e-05;-0.00125889;-0.00125889
jupiter;4.95525;-0.0724988;-0.0724988
saturn;7.9294;4.80269;4.80269
uranus;13.301;-14.7754;-14.7754
neptune;15.7501;-25.6906;-25.6906
sun;-2.46795e-05;-0.00129215;-0.00129215
jupiter;4.95514;-0.0436032;-0.0436032
saturn;7.91773;4.82009;4.82009
uranus;13.3115;-14.7665;-14.7665
neptune;15.7598;-25.6845;-25.6845
sun;-2.20324e-05;-0.00132542;-0.00132542
jupiter;4.95487;-0.0147061;-0.0147061
saturn;7.90602;4.83747;4.83747
uranus;13.3221;-14.7575;-14.7575
neptune;15.7695;-25.6784;-25.6784
sun;-1.92202e-05;-0.00135868;-0.00135868
jupiter;4.95443;0.0141914;0.0141914
saturn;7.89428;4.85481;4.85481
uranus;13.3327;-14.7485;-14.7485
neptune;15.7792;-25.6723;-25.6723
sun;-1.62431e-05;-0.00139193;-0.00139193
jupiter;4.95384;0.0430885;0.0430885
saturn;7.88249;4.87214;4.87214
uranus;13.3432;-14.7395;-14.7395
neptune;15.7889;-25.6662;-25.6662
sun;-1.31009e-05;-0.00142517;-0.00142517
jupiter;4.95308;0.0719841;0.0719841
saturn;7.87066;4.88944;4.88944
uranus;13.3538;-14.7305;-14.7305
neptune;15.7986;-25.6601;-25.6601
sun;-9.79373e-06;-0.00145841;-0.00145841
jupiter;4.95217;0.100877;0.100877
saturn;7.8588;4.90672;4.90672
uranus;13.3643;-14.7214;-14.7214
neptune;15.8083;-25.654;-25.654
sun;-6.32152e-06;-0.00149163;-0.00149163
jupiter;4.95109;0.129767;0.129767
saturn;7.84689;4.92397;4.92397
uranus;13.3748;-14.7124;-14.7124
neptune;15.818;-25.6478;-25.6478
sun;-2.68431e-06;-0.00152485;-0.00152485
jupiter;4.94985;0.158653;0.158653
saturn;7.83495;4.9412;4.9412
uranus;13.3853;-14.7034;-14.7034
neptune;15.8277;-25.6417;-25.6417
sun;1.11789e-06;-0.00155805;-0.00155805
jupiter;4.94845;0.187534;0.187534
saturn;7.82297;4.9584;4.9584
uranus;13.3959;-14.6943;-14.6943
neptune;15.8373;-25.6356;-25.6356
sun;5.08506e-06;-0.00159124;-0.00159124
jupiter;4.9469;0.216408;0.216408
saturn;7.81095;4.97558;4.97558
uranus;13.4064;-14.6853;-14.6853
neptune;15.847;-25.6295;-25.6295
sun;9.21717e-06;-0.00162442;-0.00162442
jupiter;4.94518;0.245276;0.245276
saturn;7.79889;4.99273;4.99273
uranus;13.4169;-14.6762;-14.6762
neptune;15.8567;-25.6233;-25.6233
sun;1.35142e-05;-0.00165758;-0.00165758
jupiter;4.9433;0.274135;0.274135
saturn;7.78679;5.00986;5.00986
uranus;13.4274;-14.6672;-14.6672
neptune;15.8664;-25.6172;-25.6172
sun;1.79761e-05;-0.00169073;-0.00169073
jupiter;4.94125;0.302985;0.302985
saturn;7.77466;5.02697;5.02697
uranus;13.4379;-14.6581;-14.6581
neptune;15.8761;-25.6111;-25.6111
sun;2.26028e-05;-0.00172386;-0.00172386
jupiter;4.93905;0.331826;0.331826
saturn;7.76248;5.04405;5.04405
uranus;13.4483;-14.649;-14.649
neptune;15.8857;-25.6049;-25.6049
sun;2.73943e-05;-0.00175698;-0.00175698
jupiter;4.93669;0.360656;0.360656
saturn;7.75027;5.0611;5.0611
uranus;13.4588;-14.6399;-14.6399
neptune;15.8954;-25.5988;-25.5988
sun;3.23505e-05;-0.00179007;-0.00179007
jupiter;4.93417;0.389474;0.389474
saturn;7.73802;5.07813;5.07813
uranus;13.4693;-14.6309;-14.6309
neptune;15.9051;-25.5926;-25.5926
sun;3.74714e-05;-0.00182315;-0.00182315
jupiter;4.93149;0.418279;0.418279
saturn;7.72572;5.09513;5.09513
uranus;13.4798;-14.6218;-14.6218
neptune;15.9147;-25.5865;-25.5865
sun;4.27568e-05;-0.00185621;-0.00185621
jupiter;4.92864;0.447071;0.447071
saturn;7.7134;5.11211;5.11211
uranus;13.4902;-14.6127;-14.6127
neptune;15.9244;-25.5803;-25.5803
sun;4.82068e-05;-0.00188925;-0.00188925
jupiter;4.92564;0.475848;0.475848
saturn;7.70103;5.12906;5.12906
uranus;13.5007;-14.6035;-14.6035
neptune;15.9341;-25.5742;-25.5742
sun;5.38211e-05;-0.00192226;-0.00192226
jupiter;4.92247;0.50461;0.50461
saturn;7.68862;5.14599;5.14599
uranus;13.5111;-14.5944;-14.5944
neptune;15.9437;-25.568;-25.568
sun;5.95999e-05;-0.00195526;-0.00195526
jupiter;4.91915;0.533355;0.533355
saturn;7.67618;5.16289;5.16289
uranus;13.5215;-14.5853;-14.5853
neptune;15.9534;-25.5618;-25.5618
sun;6.55429e-05;-0.00198823;-0.00198823
jupiter;4.91566;0.562083;0.562083
saturn;7.6637;5.17977;5.17977
uranus;13.532;-14.5762;-14.5762
neptune;15.963;-25.5557;-25.5557
sun;7.165e-05;-0.00202117;-0.00202117
jupiter;4.91202;0.590792;0.590792
saturn;7.65118;5.19661;5.19661
uranus;13.5424;-14.567;-14.567
neptune;15.9727;-25.5495;-25.5495
sun;7.79212e-05;-0.00205409;-0.00205409
jupiter;4.90821;0.619482;0.619482
saturn;7.63862;5.21344;5.21344
uranus;13.5528;-14.5579;-14.5579
neptune;15.9823;-25.5433;-25.5433
sun;8.43564e-05;-0.00208699;-0.00208699
jupiter;4.90425;0.648152;0.648152
saturn;7.62602;5.23024;5.23024
uranus;13.5632;-14.5487;-14.5487
neptune;15.992;-25.5371;-25.5371
sun;9.09554e-05;-0.00211986;-0.00211986
jupiter;4.90012;0.676801;0.676801
saturn;7.61339;5.24701;5.24701
uranus;13.5736;-14.5395;-14.5395
neptune;16.0016;-25.531;-25.531
sun;9.7718e-05;-0.0021527;-0.0021527
jupiter;4.89584;0.705428;0.705428
saturn;7.60071;5.26375;5.26375
uranus;13.584;-14.5304;-14.5304
neptune;16.0113;-25.5248;-25.5248
sun;0.000104644;-0.00218551;-0.00218551
jupiter;4.8914;0.734031;0.734031
saturn;7.588;5.28047;5.28047
uranus;13.5944;-14.5212;-14.5212
neptune;16.0209;-25.5186;-25.5186
sun;0.000111734;-0.00221829;-0.00221829
jupiter;4.88679;0.762611;0.762611
saturn;7.57525;5.29716;5.29716
uranus;13.6048;-14.512;-14.512
neptune;16.0306;-25.5124;-25.5124
sun;0.000118987;-0.00225103;-0.00225103
jupiter;4.88203;0.791166;0.791166
saturn;7.56247;5.31383;5.31383
uranus;13.6152;-14.5028;-14.5028
neptune;16.0402;-25.5062;-25.5062
sun;0.000126403;-0.00228375;-0.00228375
jupiter;4.87711;0.819695;0.819695
saturn;7.54964;5.33047;5.33047
uranus;13.6255;-14.4936;-14.4936
neptune;16.0498;-25.5;-25.5
sun;0.000133982;-0.00231644;-0.00231644
jupiter;4.87203;0.848197;0.848197
saturn;7.53678;5.34708;5.34708
uranus;13.6359;-14.4844;-14.4844
neptune;16.0595;-25.4938;-25.4938
sun;0.000141725;-0.00234909;-0.00234909
jupiter;4.86679;0.876671;0.876671
saturn;7.52388;5.36367;5.36367
uranus;13.6462;-14.4752;-14.4752
neptune;16.0691;-25.4876;-25.4876
sun;0.000149629;-0.0023817;-0.0023817
jupiter;4.86139;0.905117;0.905117
saturn;7.51094;5.38022;5.38022
uranus;13.6566;-14.466;-14.466
neptune;16.0787;-25.4813;-25.4813
sun;0.000157697;-0.00241429;-0.00241429
jupiter;4.85584;0.933534;0.933534
saturn;7.49797;5.39676;5.39676
uranus;13.6669;-14.4567;-14.4567
neptune;16.0883;-25.4751;-25.4751
sun;0.000165926;-0.00244683;-0.00244683
jupiter;4.85012;0.961919;0.961919
saturn;7.48496;5.41326;5.41326
uranus;13.6773;-14.4475;-14.4475
neptune;16.098;-25.4689;-25.4689
sun;0.000174318;-0.00247934;-0.00247934
jupiter;4.84425;0.990274;0.990274
saturn;7.47191;5.42974;5.42974
uranus;13.6876;-14.4382;-14.4382
neptune;16.1076;-25.4627;-25.4627
sun;0.000182872;-0.00251181;-0.00251181
jupiter;4.83822;1.0186;1.0186
saturn;7.45882;5.44619;5.44619
uranus;13.6979;-14.429;-14.429
neptune;16.1172;-25.4564;-25.4564
sun;0.000191588;-0.00254424;-0.00254424
jupiter;4.83203;1.04688;1.04688
saturn;7.4457;5.46261;5.46261
uranus;13.7082;-14.4197;-14.4197
neptune;16.1268;-25.4502;-25.4502
sun;0.000200465;-0.00257663;-0.00257663
jupiter;4.82568;1.07514;1.07514
saturn;7.43254;5.47901;5.47901
uranus;13.7185;-14.4105;-14.4105
neptune;16.1364;-25.444;-25.444
sun;0.000209504;-0.00260898;-0.00260898
jupiter;4.81918;1.10336;1.10336
saturn;7.41934;5.49537;5.49537
uranus;13.7288;-14.4012;-14.4012
neptune;16.146;-25.4377;-25.4377
sun;0.000218703;-0.00264128;-0.00264128
jupiter;4.81252;1.13154;1.13154
saturn;7.4061;5.51172;5.51172
uranus;13.7391;-14.3919;-14.3919
neptune;16.1557;-25.4315;-25.4315
sun;0.000228064;-0.00267355;-0.00267355
jupiter;4.8057;1.15969;1.15969
saturn;7.39283;5.52803;5.52803
uranus;13.7494;-14.3826;-14.3826
neptune;16.1653;-25.4252;-25.4252
sun;0.000237586;-0.00270577;-0.00270577
jupiter;4.79872;1.1878;1.1878
saturn;7.37952;5.54431;5.54431
uranus;13.7597;-14.3733;-14.3733
neptune;16.1749;-25.419;-25.419
sun;0.000247268;-0.00273795;-0.00273795
jupiter;4.79159;1.21587;1.21587
saturn;7.36617;5.56057;5.56057
uranus;13.77;-14.364;-14.364
neptune;16.1845;-25.4127;-25.4127
sun;0.00025711;-0.00277008;-0.00277008
jupiter;4.7843;1.2439;1.2439
saturn;7.35279;5.5768;5.5768
uranus;13.7802;-14.3547;-14.3547
neptune;16.1941;-25.4065;-25.4065
sun;0.000267113;-0.00280216;-0.00280216
jupiter;4.77686;1.27189;1.27189
saturn;7.33937;5.593;5.593
uranus;13.7905;-14.3454;-14.3454
neptune;16.2037;-25.4002;-25.4002
sun;0.000277275;-0.0028342;-0.0028342
jupiter;4.76926;1.29983;1.29983
saturn;7.32591;5.60917;5.60917
uranus;13.8007;-14.3361;-14.3361
neptune;16.2133;-25.394;-25.394
sun;0.000287597;-0.00286619;-0.00286619
jupiter;4.7615;1.32774;1.32774
saturn;7.31241;5.62532;5.62532
uranus;13.811;-14.3267;-14.3267
neptune;16.2228;-25.3877;-25.3877
sun;0.000298078;-0.00289813;-0.00289813
jupiter;4.75359;1.3556;1.3556
saturn;7.29888;5.64143;5.64143
uranus;13.8212;-14.3174;-14.3174
neptune;16.2324;-25.3814;-25.3814
sun;0.000308719;-0.00293002;-0.00293002
jupiter;4.74552;1.38342;1.38342
saturn;7.28531;5.65752;5.65752
uranus;13.8314;-14.308;-14.308
neptune;16.242;-25.3751;-25.3751
sun;0.000319518;-0.00296186;-0.00296186
jupiter;4.7373;1.41119;1.41119
saturn;7.27171;5.67358;5.67358
uranus;13.8417;-14.2987;-14.2987
neptune;16.2516;-25.3689;-25.3689
sun;0.000330475;-0.00299365;-0.00299365
jupiter;4.72892;1.43892;1.43892
saturn;7.25807;5.68961;5.68961
uranus;13.8519;-14.2893;-14.2893
neptune;16.2612;-25.3626;-25.3626
sun;0.000341591;-0.00302538;-0.00302538
jupiter;4.72039;1.46659;1.46659
saturn;7.24439;5.70561;5.70561
uranus;13.8621;-14.28;-14.28
neptune;16.2708;-25.3563;-25.3563
sun;0.000352865;-0.00305707;-0.00305707
jupiter;4.71171;1.49423;1.49423
saturn;7.23068;5.72158;5.72158
uranus;13.8723;-14.2706;-14.2706
neptune;16.2804;-25.35;-25.35
sun;0.000364297;-0.00308869;-0.00308869
jupiter;4.70287;1.52181;1.52181
saturn;7.21693;5.73753;5.73753
uranus;13.8825;-14.2612;-14.2612
neptune;16.2899;-25.3437;-25.3437
sun;0.000375886;-0.00312027;-0.00312027
jupiter;4.69388;1.54934;1.54934
saturn;7.20314;5.75344;5.75344
uranus;13.8927;-14.2518;-14.2518
neptune;16.2995;-25.3374;-25.3374
sun;0.000387632;-0.00315178;-0.00315178
jupiter;4.68473;1.57682;1.57682
saturn;7.18932;5.76933;5.76933
uranus;13.9029;-14.2424;-14.2424
neptune;16.3091;-25.3311;-25.3311
sun;0.000399534;-0.00318324;-0.00318324
jupiter;4.67544;1.60425;1.60425
saturn;7.17546;5.78519;5.78519
uranus;13.913;-14.233;-14.233
neptune;16.3186;-25.3248;-25.3248
sun;0.000411594;-0.00321464;-0.00321464
jupiter;4.66598;1.63163;1.63163
saturn;7.16156;5.80102;5.80102
uranus;13.9232;-14.2236;-14.2236
neptune;16.3282;-25.3185;-25.3185
sun;0.000423809;-0.00324598;-0.00324598
jupiter;4.65638;1.65895;1.65895
saturn;7.14763;5.81681;5.81681
uranus;13.9334;-14.2142;-14.2142
neptune;16.3378;-25.3122;-25.3122
sun;0.00043618;-0.00327727;-0.00327727
jupiter;4.64663;1.68622;1.68622
saturn;7.13366;5.83258;5.83258
uranus;13.9435;-14.2048;-14.2048
neptune;16.3473;-25.3058;-25.3058
sun;0.000448707;-0.00330849;-0.00330849
jupiter;4.63672;1.71344;1.71344
saturn;7.11966;5.84832;5.84832
uranus;13.9537;-14.1953;-14.1953
neptune;16.3569;-25.2995;-25.2995
sun;0.000461389;-0.00333965;-0.00333965
jupiter;4.62666;1.7406;1.7406
saturn;7.10562;5.86403;5.86403
uranus;13.9638;-14.1859;-14.1859
neptune;16.3665;-25.2932;-25.2932
sun;0.000474226;-0.00337075;-0.00337075
jupiter;4.61645;1.7677;1.7677
saturn;7.09155;5.87971;5.87971
uranus;13.9739;-14.1765;-14.1765
neptune;16.376;-25.2869;-25.2869
sun;0.000487217;-0.00340178;-0.00340178
jupiter;4.60609;1.79475;1.79475
saturn;7.07744;5.89536;5.89536
uranus;13.9841;-14.167;-14.167
neptune;16.3856;-25.2805;-25.2805
sun;0.000500363;-0.00343275;-0.00343275
jupiter;4.59558;1.82173;1.82173
saturn;7.06329;5.91099;5.91099
uranus;13.9942;-14.1575;-14.1575
neptune;16.3951;-25.2742;-25.2742
sun;0.000513662;-0.00346366;-0.00346366
jupiter;4.58492;1.84866;1.84866
saturn;7.04911;5.92658;5.92658
uranus;14.0043;-14.1481;-14.1481
neptune;16.4047;-25.2679;-25.2679
sun;0.000527114;-0.0034945;-0.0034945
jupiter;4.57411;1.87552;1.87552
saturn;7.03489;5.94214;5.94214
uranus;14.0144;-14.1386;-14.1386
neptune;16.4142;-25.2615;-25.2615
sun;0.00054072;-0.00352527;-0.00352527
jupiter;4.56315;1.90233;1.90233
saturn;7.02064;5.95767;5.95767
uranus;14.0245;-14.1291;-14.1291
neptune;16.4237;-25.2552;-25.2552
sun;0.000554479;-0.00355598;-0.00355598
jupiter;4.55205;1.92907;1.92907
saturn;7.00635;5.97317;5.97317
uranus;14.0346;-14.1196;-14.1196
neptune;16.4333;-25.2488;-25.2488
sun;0.000568389;-0.00358662;-0.00358662
jupiter;4.54079;1.95575;1.95575
saturn;6.99202;5.98864;5.98864
uranus;14.0447;-14.1101;-14.1101
neptune;16.4428;-25.2425;-25.2425
sun;0.000582452;-0.00361719;-0.00361719
jupiter;4.52939;1.98237;1.98237
saturn;6.97766;6.00408;6.00408
uranus;14.0547;-14.1006;-14.1006
neptune;16.4524;-25.2361;-25.2361
sun;0.000596666;-0.00364769;-0.00364769
jupiter;4.51784;2.00892;2.00892
saturn;6.96327;6.01949;6.01949
uranus;14.0648;-14.0911;-14.0911
neptune;16.4619;-25.2297;-25.2297
sun;0.000611032;-0.00367811;-0.00367811
jupiter;4.50614;2.0354;2.0354
saturn;6.94884;6.03487;6.03487
uranus;14.0749;-14.0816;-14.0816
neptune;16.4714;-25.2234;-25.2234
sun;0.000625548;-0.00370847;-0.00370847
jupiter;4.49429;2.06182;2.06182
saturn;6.93437;6.05022;6.05022
uranus;14.0849;-14.0721;-14.0721
neptune;16.481;-25.217;-25.217
sun;0.000640214;-0.00373875;-0.00373875
jupiter;4.4823;2.08817;2.08817
saturn;6.91987;6.06553;6.06553
uranus;14.095;-14.0625;-14.0625
neptune;16.4905;-25.2106;-25.2106
sun;0.000655031;-0.00376896;-0.00376896
jupiter;4.47016;2.11446;2.11446
saturn;6.90534;6.08082;6.08082
uranus;14.105;-14.053;-14.053
neptune;16.5;-25.2043;-25.2043
sun;0.000669997;-0.0037991;-0.0037991
jupiter;4.45787;2.14067;2.14067
saturn;6.89077;6.09608;6.09608
uranus;14.115;-14.0435;-14.0435
neptune;16.5095;-25.1979;-25.1979
sun;0.000685112;-0.00382916;-0.00382916
jupiter;4.44544;2.16681;2.16681
saturn;6.87616;6.1113;6.1113
uranus;14.1251;-14.0339;-14.0339
neptune;16.519;-25.1915;-25.1915
sun;0.000700376;-0.00385915;-0.00385915
jupiter;4.43287;2.19289;2.19289
saturn;6.86152;6.12649;6.12649
uranus;14.1351;-14.0244;-14.0244
neptune;16.5286;-25.1851;-25.1851
sun;0.000715788;-0.00388905;-0.00388905
jupiter;4.42015;2.21889;2.21889
saturn;6.84685;6.14166;6.14166
uranus;14.1451;-14.0148;-14.0148
neptune;16.5381;-25.1787;-25.1787
sun;0.000731348;-0.00391889;-0.00391889
jupiter;4.40729;2.24482;2.24482
saturn;6.83214;6.15679;6.15679
uranus;14.1551;-14.0052;-14.0052
neptune;16.5476;-25.1723;-25.1723
sun;0.000747055;-0.00394864;-0.00394864
jupiter;4.39428;2.27068;2.27068
saturn;6.81739;6.17189;6.17189
uranus;14.1651;-13.9956;-13.9956
neptune;16.5571;-25.1659;-25.1659
sun;0.000762909;-0.00397831;-0.00397831
jupiter;4.38113;2.29646;2.29646
saturn;6.80261;6.18696;6.18696
uranus;14.1751;-13.986;-13.986
neptune;16.5666;-25.1595;-25.1595
sun;0.00077891;-0.0040079;-0.0040079
jupiter;4.36784;2.32217;2.32217
saturn;6.7878;6.20199;6.20199
uranus;14.1851;-13.9764;-13.9764
neptune;16.5761;-25.1531;-25.1531
sun;0.000795057;-0.00403742;-0.00403742
jupiter;4.3544;2.3478;2.3478
saturn;6.77295;6.217;6.217
uranus;14.1951;-13.9668;-13.9668
neptune;16.5856;-25.1467;-25.1467
sun;0.000811349;-0.00406685;-0.00406685
jupiter;4.34083;2.37335;2.37335
saturn;6.75807;6.23197;6.23197
uranus;14.205;-13.9572;-13.9572
neptune;16.5951;-25.1403;-25.1403
sun;0.000827787;-0.0040962;-0.0040962
jupiter;4.32711;2.39883;2.39883
saturn;6.74315;6.24692;6.24692
uranus;14.215;-13.9476;-13.9476
neptune;16.6046;-25.1339;-25.1339
sun;0.000844369;-0.00412546;-0.00412546
jupiter;4.31325;2.42423;2.42423
saturn;6.7282;6.26183;6.26183
uranus;14.225;-13.938;-13.938
neptune;16.6141;-25.1275;-25.1275
sun;0.000861095;-0.00415464;-0.00415464
jupiter;4.29925;2.44955;2.44955
saturn;6.71322;6.27671;6.27671
uranus;14.2349;-13.9284;-13.9284
neptune;16.6236;-25.1211;-25.1211
sun;0.000877965;-0.00418374;-0.00418374
jupiter;4.28512;2.47479;2.47479
saturn;6.6982;6.29155;6.29155
uranus;14.2448;-13.9187;-13.9187
neptune;16.6331;-25.1146;-25.1146
sun;0.000894979;-0.00421275;-0.00421275
jupiter;4.27084;2.49995;2.49995
saturn;6.68314;6.30637;6.30637
uranus;14.2548;-13.9091;-13.9091
neptune;16.6426;-25.1082;-25.1082
sun;0.000912135;-0.00424167;-0.00424167
jupiter;4.25642;2.52503;2.52503
saturn;6.66806;6.32115;6.32115
uranus;14.2647;-13.8994;-13.8994
neptune;16.6521;-25.1018;-25.1018
sun;0.000929433;-0.00427051;-0.00427051
jupiter;4.24187;2.55003;2.55003
saturn;6.65294;6.3359;6.3359
uranus;14.2746;-13.8898;-13.8898
neptune;16.6615;-25.0953;-25.0953
sun;0.000946873;-0.00429926;-0.00429926
jupiter;4.22717;2.57494;2.57494
saturn;6.63778;6.35062;6.35062
uranus;14.2845;-13.8801;-13.8801
neptune;16.671;-25.0889;-25.0889
sun;0.000964454;-0.00432792;-0.00432792
jupiter;4.21234;2.59977;2.59977
saturn;6.62259;6.3653;6.3653
uranus;14.2944;-13.8705;-13.8705
neptune;16.6805;-25.0824;-25.0824
sun;0.000982176;-0.00435649;-0.00435649
jupiter;4.19738;2.62452;2.62452
saturn;6.60737;6.37996;6.37996
uranus;14.3043;-13.8608;-13.8608
neptune;16.69;-25.076;-25.076
sun;0.00100004;-0.00438497;-0.00438497
jupiter;4.18227;2.64918;2.64918
saturn;6.59211;6.39458;6.39458
uranus;14.3142;-13.8511;-13.8511
neptune;16.6994;-25.0695;-25.0695
sun;0.00101804;-0.00441336;-0.00441336
jupiter;4.16703;2.67375;2.67375
saturn;6.57682;6.40916;6.40916
uranus;14.3241;-13.8414;-13.8414
neptune;16.7089;-25.0631;-25.0631
sun;0.00103618;-0.00444166;-0.00444166
jupiter;4.15166;2.69824;2.69824
saturn;6.5615;6.42372;6.42372
uranus;14.334;-13.8317;-13.8317
neptune;16.7184;-25.0566;-25.0566
sun;0.00105446;-0.00446986;-0.00446986
jupiter;4.13615;2.72264;2.72264
saturn;6.54614;6.43824;6.43824
uranus;14.3439;-13.822;-13.822
neptune;16.7279;-25.0502;-25.0502
sun;0.00107288;-0.00449797;-0.00449797
jupiter;4.12051;2.74695;2.74695
saturn;6.53075;6.45273;6.45273
uranus;14.3537;-13.8123;-13.8123
neptune;16.7373;-25.0437;-25.0437
sun;0.00109143;-0.00452599;-0.00452599
jupiter;4.10473;2.77117;2.77117
saturn;6.51533;6.46719;6.46719
uranus;14.3636;-13.8026;-13.8026
neptune;16.7468;-25.0372;-25.0372
sun;0.00111013;-0.00455391;-0.00455391
jupiter;4.08882;2.7953;2.7953
saturn;6.49987;6.48161;6.48161
uranus;14.3734;-13.7928;-13.7928
neptune;16.7562;-25.0307;-25.0307
sun;0.00112895;-0.00458174;-0.00458174
jupiter;4.07278;2.81934;2.81934
saturn;6.48438;6.496;6.496
uranus;14.3833;-13.7831;-13.7831
neptune;16.7657;-25.0243;-25.0243
sun;0.00114792;-0.00460947;-0.00460947
jupiter;4.0566;2.84329;2.84329
saturn;6.46886;6.51035;6.51035
uranus;14.3931;-13.7734;-13.7734
neptune;16.7751;-25.0178;-25.0178
sun;0.00116702;-0.0046371;-0.0046371
jupiter;4.0403;2.86715;2.86715
saturn;6.4533;6.52468;6.52468
uranus;14.4029;-13.7636;-13.7636
neptune;16.7846;-25.0113;-25.0113
sun;0.00118625;-0.00466463;-0.00466463
jupiter;4.02386;2.89091;2.89091
saturn;6.43772;6.53897;6.53897
uranus;14.4128;-13.7539;-13.7539
neptune;16.7941;-25.0048;-25.0048
sun;0.00120562;-0.00469207;-0.00469207
jupiter;4.00729;2.91458;2.91458
saturn;6.42209;6.55322;6.55322
uranus;14.4226;-13.7441;-13.7441
neptune;16.8035;-24.9983;-24.9983
sun;0.00122513;-0.00471941;-0.00471941
jupiter;3.99059;2.93816;2.93816
saturn;6.40644;6.56745;6.56745
uranus;14.4324;-13.7343;-13.7343
neptune;16.8129;-24.9918;-24.9918
sun;0.00124476;-0.00474665;-0.00474665
jupiter;3.97377;2.96164;2.96164
saturn;6.39075;6.58164;6.58164
uranus;14.4422;-13.7246;-13.7246
neptune;16.8224;-24.9853;-24.9853
sun;0.00126453;-0.00477378;-0.00477378
jupiter;3.95681;2.98502;2.98502
saturn;6.37503;6.59579;6.59579
uranus;14.452;-13.7148;-13.7148
neptune;16.8318;-24.9788;-24.9788
sun;0.00128443;-0.00480082;-0.00480082
jupiter;3.93973;3.00831;3.00831
saturn;6.35928;6.60991;6.60991
uranus;14.4618;-13.705;-13.705
neptune;16.8413;-24.9723;-24.9723
sun;0.00130446;-0.00482775;-0.00482775
jupiter;3.92252;3.0315;3.0315
saturn;6.34349;6.624;6.624
uranus;14.4715;-13.6952;-13.6952
neptune;16.8507;-24.9658;-24.9658
sun;0.00132463;-0.00485458;-0.00485458
jupiter;3.90518;3.05459;3.05459
saturn;6.32768;6.63806;6.63806
uranus;14.4813;-13.6854;-13.6854
neptune;16.8601;-24.9593;-24.9593
sun;0.00134492;-0.0048813;-0.0048813
jupiter;3.88772;3.07759;3.07759
saturn;6.31183;6.65207;6.65207
uranus;14.4911;-13.6756;-13.6756
neptune;16.8696;-24.9528;-24.9528
sun;0.00136534;-0.00490792;-0.00490792
jupiter;3.87013;3.10048;3.10048
saturn;6.29594;6.66606;6.66606
uranus;14.5008;-13.6658;-13.6658
neptune;16.879;-24.9463;-24.9463
sun;0.00138589;-0.00493444;-0.00493444
jupiter;3.85242;3.12327;3.12327
saturn;6.28003;6.68001;6.68001
uranus;14.5106;-13.6559;-13.6559
neptune;16.8884;-24.9397;-24.9397
sun;0.00140657;-0.00496085;-0.00496085
jupiter;3.83458;3.14597;3.14597
saturn;6.26408;6.69393;6.69393
uranus;14.5203;-13.6461;-13.6461
neptune;16.8978;-24.9332;-24.9332
sun;0.00142738;-0.00498716;-0.00498716
jupiter;3.81662;3.16856;3.16856
saturn;6.2481;6.70781;6.70781
uranus;14.53;-13.6363;-13.6363
neptune;16.9073;-24.9267;-24.9267
sun;0.00144832;-0.00501335;-0.00501335
jupiter;3.79853;3.19105;3.19105
saturn;6.23209;6.72166;6.72166
uranus;14.5398;-13.6264;-13.6264
neptune;16.9167;-24.9201;-24.9201
sun;0.00146938;-0.00503944;-0.00503944
jupiter;3.78033;3.21343;3.21343
saturn;6.21605;6.73547;6.73547
uranus;14.5495;-13.6166;-13.6166
neptune;16.9261;-24.9136;-24.9136
sun;0.00149057;-0.00506542;-0.00506542
jupiter;3.762;3.23571;3.23571
saturn;6.19998;6.74925;6.74925
uranus;14.5592;-13.6067;-13.6067
neptune;16.9355;-24.9071;-24.9071
sun;0.00151188;-0.00509129;-0.00509129
jupiter;3.74355;3.25789;3.25789
saturn;6.18387;6.763;6.763
uranus;14.5689;-13.5969;-13.5969
neptune;16.9449;-24.9005;-24.9005
sun;0.00153332;-0.00511706;-0.00511706
jupiter;3.72497;3.27996;3.27996
saturn;6.16773;6.77671;6.77671
uranus;14.5786;-13.587;-13.587
neptune;16.9543;-24.894;-24.894
sun;0.00155488;-0.00514271;-0.00514271
jupiter;3.70628;3.30193;3.30193
saturn;6.15156;6.79038;6.79038
uranus;14.5883;-13.5771;-13.5771
neptune;16.9637;-24.8874;-24.8874
sun;0.00157656;-0.00516825;-0.00516825
jupiter;3.68747;3.32379;3.32379
saturn;6.13536;6.80402;6.80402
uranus;14.598;-13.5672;-13.5672
neptune;16.9731;-24.8808;-24.8808
sun;0.00159837;-0.00519368;-0.00519368
jupiter;3.66854;3.34554;3.34554
saturn;6.11913;6.81763;6.81763
uranus;14.6076;-13.5573;-13.5573
neptune;16.9825;-24.8743;-24.8743
sun;0.0016203;-0.00521899;-0.00521899
jupiter;3.6495;3.36718;3.36718
saturn;6.10286;6.8312;6.8312
uranus;14.6173;-13.5474;-13.5474
neptune;16.9919;-24.8677;-24.8677
sun;0.00164235;-0.00524419;-0.00524419
jupiter;3.63033;3.38872;3.38872
saturn;6.08657;6.84473;6.84473
uranus;14.627;-13.5375;-13.5375
neptune;17.0013;-24.8612;-24.8612
sun;0.00166452;-0.00526928;-0.00526928
jupiter;3.61105;3.41015;3.41015
saturn;6.07024;6.85823;6.85823
uranus;14.6366;-13.5276;-13.5276
neptune;17.0107;-24.8546;-24.8546
sun;0.00168681;-0.00529426;-0.00529426
jupiter;3.59165;3.43146;3.43146
saturn;6.05388;6.87169;6.87169
uranus;14.6463;-13.5177;-13.5177
neptune;17.0201;-24.848;-24.848
sun;0.00170923;-0.00531912;-0.00531912
jupiter;3.57214;3.45267;3.45267
saturn;6.03749;6.88512;6.88512
uranus;14.6559;-13.5078;-13.5078
neptune;17.0295;-24.8414;-24.8414
sun;0.00173176;-0.00534386;-0.00534386
jupiter;3.55251;3.47376;3.47376
saturn;6.02107;6.89851;6.89851
uranus;14.6655;-13.4979;-13.4979
neptune;17.0389;-24.8348;-24.8348
sun;0.0017544;-0.00536849;-0.00536849
jupiter;3.53277;3.49475;3.49475
saturn;6.00462;6.91187;6.91187
uranus;14.6752;-13.4879;-13.4879
neptune;17.0483;-24.8283;-24.8283
sun;0.00177717;-0.005393;-0.005393
jupiter;3.51292;3.51562;3.51562
saturn;5.98814;6.92519;6.92519
uranus;14.6848;-13.478;-13.478
neptune;17.0576;-24.8217;-24.8217
sun;0.00180005;-0.00541739;-0.00541739
jupiter;3.49295;3.53638;3.53638
saturn;5.97163;6.93848;6.93848
uranus;14.6944;-13.468;-13.468
neptune;17.067;-24.8151;-24.8151
sun;0.00182305;-0.00544166;-0.00544166
jupiter;3.47287;3.55702;3.55702
saturn;5.95508;6.95173;6.95173
uranus;14.704;-13.4581;-13.4581
neptune;17.0764;-24.8085;-24.8085
sun;0.00184617;-0.00546582;-0.00546582
jupiter;3.45268;3.57755;3.57755
saturn;5.93851;6.96495;6.96495
uranus;14.7136;-13.4481;-13.4481
neptune;17.0858;-24.8019;-24.8019
sun;0.0018694;-0.00548985;-0.00548985
jupiter;3.43238;3.59797;3.59797
saturn;5.9219;6.97812;6.97812
uranus;14.7232;-13.4381;-13.4381
neptune;17.0951;-24.7953;-24.7953
sun;0.00189274;-0.00551377;-0.00551377
jupiter;3.41197;3.61827;3.61827
saturn;5.90527;6.99127;6.99127
uranus;14.7328;-13.4282;-13.4282
neptune;17.1045;-24.7887;-24.7887
sun;0.0019162;-0.00553757;-0.00553757
jupiter;3.39145;3.63846;3.63846
saturn;5.8886;7.00437;7.00437
uranus;14.7423;-13.4182;-13.4182
neptune;17.1139;-24.7821;-24.7821
sun;0.00193976;-0.00556124;-0.00556124
jupiter;3.37082;3.65852;3.65852
saturn;5.8719;7.01744;7.01744
uranus;14.7519;-13.4082;-13.4082
neptune;17.1232;-24.7754;-24.7754
sun;0.00196345;-0.00558479;-0.00558479
jupiter;3.35008;3.67847;3.67847
saturn;5.85518;7.03048;7.03048
uranus;14.7614;-13.3982;-13.3982
neptune;17.1326;-24.7688;-24.7688
sun;0.00198724;-0.00560822;-0.00560822
jupiter;3.32924;3.69831;3.69831
saturn;5.83842;7.04347;7.04347
uranus;14.771;-13.3882;-13.3882
neptune;17.142;-24.7622;-24.7622
sun;0.00201114;-0.00563153;-0.00563153
jupiter;3.30829;3.71802;3.71802
saturn;5.82163;7.05644;7.05644
uranus;14.7805;-13.3782;-13.3782
neptune;17.1513;-24.7556;-24.7556
sun;0.00203515;-0.00565471;-0.00565471
jupiter;3.28723;3.73762;3.73762
saturn;5.80482;7.06936;7.06936
uranus;14.7901;-13.3681;-13.3681
neptune;17.1607;-24.749;-24.749
sun;0.00205928;-0.00567777;-0.00567777
jupiter;3.26607;3.75709;3.75709
saturn;5.78797;7.08225;7.08225
uranus;14.7996;-13.3581;-13.3581
neptune;17.17;-24.7423;-24.7423
sun;0.00208351;-0.00570071;-0.00570071
jupiter;3.24481;3.77645;3.77645
saturn;5.77109;7.0951;7.0951
uranus;14.8091;-13.3481;-13.3481
neptune;17.1794;-24.7357;-24.7357
sun;0.00210785;-0.00572352;-0.00572352
jupiter;3.22344;3.79569;3.79569
saturn;5.75419;7.10792;7.10792
uranus;14.8186;-13.3381;-13.3381
neptune;17.1887;-24.729;-24.729
sun;0.00213229;-0.0057462;-0.0057462
jupiter;3.20197;3.8148;3.8148
saturn;5.73725;7.12069;7.12069
uranus;14.8281;-13.328;-13.328
neptune;17.198;-24.7224;-24.7224
sun;0.00215684;-0.00576876;-0.00576876
jupiter;3.1804;3.83379;3.83379
saturn;5.72028;7.13344;7.13344
uranus;14.8376;-13.318;-13.318
neptune;17.2074;-24.7158;-24.7158
sun;0.0021815;-0.00579119;-0.00579119
jupiter;3.15873;3.85266;3.85266
saturn;5.70329;7.14614;7.14614
uranus;14.8471;-13.3079;-13.3079
neptune;17.2167;-24.7091;-24.7091
sun;0.00220626;-0.0058135;-0.0058135
jupiter;3.13695;3.87141;3.87141
saturn;5.68626;7.15881;7.15881
uranus;14.8566;-13.2978;-13.2978
neptune;17.2261;-24.7024;-24.7024
sun;0.00223113;-0.00583567;-0.00583567
jupiter;3.11508;3.89003;3.89003
saturn;5.66921;7.17144;7.17144
uranus;14.8661;-13.2878;-13.2878
neptune;17.2354;-24.6958;-24.6958
sun;0.0022561;-0.00585772;-0.00585772
jupiter;3.0931;3.90853;3.90853
saturn;5.65212;7.18403;7.18403
uranus;14.8756;-13.2777;-13.2777
neptune;17.2447;-24.6891;-24.6891
sun;0.00228117;-0.00587964;-0.00587964
jupiter;3.07103;3.92691;3.92691
saturn;5.63501;7.19659;7.19659
uranus;14.885;-13.2676;-13.2676
neptune;17.2541;-24.6825;-24.6825
sun;0.00230634;-0.00590143;-0.00590143
jupiter;3.04886;3.94516;3.94516
saturn;5.61787;7.20911;7.20911
uranus;14.8945;-13.2575;-13.2575
neptune;17.2634;-24.6758;-24.6758
sun;0.00233162;-0.00592308;-0.00592308
jupiter;3.0266;3.96329;3.96329
saturn;5.6007;7.22159;7.22159
uranus;14.9039;-13.2474;-13.2474
neptune;17.2727;-24.6691;-24.6691
sun;0.002357;-0.00594461;-0.00594461
jupiter;3.00424;3.98129;3.98129
saturn;5.5835;7.23403;7.23403
uranus;14.9134;-13.2373;-13.2373
neptune;17.282;-24.6624;-24.6624
sun;0.00238247;-0.00596601;-0.00596601
jupiter;2.98178;3.99916;3.99916
saturn;5.56627;7.24644;7.24644
uranus;14.9228;-13.2272;-13.2272
neptune;17.2913;-24.6558;-24.6558
sun;0.00240805;-0.00598727;-0.00598727
jupiter;2.95923;4.0169;4.0169
saturn;5.54901;7.25881;7.25881
uranus;14.9322;-13.2171;-13.2171
neptune;17.3007;-24.6491;-24.6491
sun;0.00243372;-0.00600841;-0.00600841
jupiter;2.93658;4.03452;4.03452
saturn;5.53172;7.27114;7.27114
uranus;14.9416;-13.207;-13.207
neptune;17.31;-24.6424;-24.6424
sun;0.00245949;-0.00602941;-0.00602941
jupiter;2.91385;4.05201;4.05201
saturn;5.51441;7.28343;7.28343
uranus;14.9511;-13.1968;-13.1968
neptune;17.3193;-24.6357;-24.6357
sun;0.00248535;-0.00605028;-0.00605028
jupiter;2.89101;4.06937;4.06937
saturn;5.49706;7.29569;7.29569
uranus;14.9605;-13.1867;-13.1867
neptune;17.3286;-24.629;-24.629
sun;0.00251132;-0.00607101;-0.00607101
jupiter;2.86809;4.08661;4.08661
saturn;5.47969;7.3079;7.3079
uranus;14.9699;-13.1765;-13.1765
neptune;17.3379;-24.6223;-24.6223
sun;0.00253737;-0.00609161;-0.00609161
jupiter;2.84508;4.10371;4.10371
saturn;5.46229;7.32008;7.32008
uranus;14.9792;-13.1664;-13.1664
neptune;17.3472;-24.6156;-24.6156
sun;0.00256353;-0.00611208;-0.00611208
jupiter;2.82198;4.12068;4.12068
saturn;5.44486;7.33223;7.33223
uranus;14.9886;-13.1562;-13.1562
neptune;17.3565;-24.6089;-24.6089
sun;0.00258977;-0.00613241;-0.00613241
jupiter;2.79879;4.13753;4.13753
saturn;5.4274;7.34433;7.34433
uranus;14.998;-13.1461;-13.1461
neptune;17.3658;-24.6022;-24.6022
sun;0.00261611;-0.0061526;-0.0061526
jupiter;2.77551;4.15424;4.15424
saturn;5.40992;7.3564;7.3564
uranus;15.0074;-13.1359;-13.1359
neptune;17.3751;-24.5955;-24.5955
sun;0.00264254;-0.00617266;-0.00617266
jupiter;2.75214;4.17082;4.17082
saturn;5.3924;7.36842;7.36842
uranus;15.0167;-13.1257;-13.1257
neptune;17.3844;-24.5888;-24.5888
sun;0.00266906;-0.00619259;-0.00619259
jupiter;2.72869;4.18727;4.18727
saturn;5.37486;7.38041;7.38041
uranus;15.0261;-13.1155;-13.1155
neptune;17.3937;-24.5821;-24.5821
sun;0.00269567;-0.00621237;-0.00621237
jupiter;2.70515;4.20358;4.20358
saturn;5.35729;7.39236;7.39236
uranus;15.0354;-13.1054;-13.1054
neptune;17.403;-24.5753;-24.5753
sun;0.00272238;-0.00623202;-0.00623202
jupiter;2.68152;4.21977;4.21977
saturn;5.33969;7.40428;7.40428
uranus;15.0447;-13.0952;-13.0952
neptune;17.4123;-24.5686;-24.5686
sun;0.00274917;-0.00625154;-0.00625154
jupiter;2.65781;4.23582;4.23582
saturn;5.32207;7.41615;7.41615
uranus;15.0541;-13.085;-13.085
neptune;17.4215;-24.5619;-24.5619
sun;0.00277604;-0.00627091;-0.00627091
jupiter;2.63402;4.25174;4.25174
saturn;5.30442;7.42798;7.42798
uranus;15.0634;-13.0747;-13.0747
neptune;17.4308;-24.5552;-24.5552
sun;0.00280301;-0.00629015;-0.00629015
jupiter;2.61015;4.26752;4.26752
saturn;5.28674;7.43978;7.43978
uranus;15.0727;-13.0645;-13.0645
neptune;17.4401;-24.5484;-24.5484
sun;0.00283006;-0.00630924;-0.00630924
jupiter;2.58619;4.28317;4.28317
saturn;5.26903;7.45154;7.45154
uranus;15.082;-13.0543;-13.0543
neptune;17.4494;-24.5417;-24.5417
sun;0.0028572;-0.0063282;-0.0063282
jupiter;2.56215;4.29868;4.29868
saturn;5.25129;7.46326;7.46326
uranus;15.0913;-13.0441;-13.0441
neptune;17.4587;-24.5349;-24.5349
sun;0.00288443;-0.00634702;-0.00634702
jupiter;2.53803;4.31406;4.31406
saturn;5.23353;7.47494;7.47494
uranus;15.1006;-13.0338;-13.0338
neptune;17.4679;-24.5282;-24.5282
sun;0.00291173;-0.00636569;-0.00636569
jupiter;2.51383;4.32931;4.32931
saturn;5.21574;7.48658;7.48658
uranus;15.1099;-13.0236;-13.0236
neptune;17.4772;-24.5214;-24.5214
sun;0.00293912;-0.00638423;-0.00638423
jupiter;2.48956;4.34441;4.34441
saturn;5.19792;7.49818;7.49818
uranus;15.1192;-13.0133;-13.0133
neptune;17.4865;-24.5147;-24.5147
sun;0.0029666;-0.00640263;-0.00640263
jupiter;2.4652;4.35938;4.35938
saturn;5.18008;7.50975;7.50975
uranus;15.1284;-13.0031;-13.0031
neptune;17.4957;-24.5079;-24.5079
sun;0.00299415;-0.00642088;-0.00642088
jupiter;2.44077;4.37422;4.37422
saturn;5.16221;7.52127;7.52127
uranus;15.1377;-12.9928;-12.9928
neptune;17.505;-24.5012;-24.5012
sun;0.00302179;-0.006439;-0.006439
jupiter;2.41626;4.38892;4.38892
saturn;5.14431;7.53276;7.53276
uranus;15.1469;-12.9826;-12.9826
neptune;17.5142;-24.4944;-24.4944
sun;0.00304951;-0.00645697;-0.00645697
jupiter;2.39167;4.40348;4.40348
saturn;5.12638;7.5442;7.5442
uranus;15.1562;-12.9723;-12.9723
neptune;17.5235;-24.4876;-24.4876
sun;0.0030773;-0.00647479;-0.00647479
jupiter;2.36702;4.4179;4.4179
saturn;5.10843;7.55561;7.55561
uranus;15.1654;-12.962;-12.962
neptune;17.5327;-24.4809;-24.4809
sun;0.00310518;-0.00649248;-0.00649248
jupiter;2.34228;4.43218;4.43218
saturn;5.09045;7.56698;7.56698
uranus;15.1746;-12.9517;-12.9517
neptune;17.542;-24.4741;-24.4741
sun;0.00313313;-0.00651002;-0.00651002
jupiter;2.31748;4.44633;4.44633
saturn;5.07245;7.5783;7.5783
uranus;15.1839;-12.9414;-12.9414
neptune;17.5512;-24.4673;-24.4673
sun;0.00316116;-0.00652742;-0.00652742
jupiter;2.2926;4.46033;4.46033
saturn;5.05442;7.58959;7.58959
uranus;15.1931;-12.9311;-12.9311
neptune;17.5605;-24.4605;-24.4605
sun;0.00318927;-0.00654468;-0.00654468
jupiter;2.26765;4.4742;4.4742
saturn;5.03636;7.60084;7.60084
uranus;15.2023;-12.9208;-12.9208
neptune;17.5697;-24.4537;-24.4537
sun;0.00321745;-0.00656179;-0.00656179
jupiter;2.24263;4.48792;4.48792
saturn;5.01828;7.61205;7.61205
uranus;15.2115;-12.9105;-12.9105
neptune;17.579;-24.447;-24.447
sun;0.0032457;-0.00657875;-0.00657875
jupiter;2.21754;4.50151;4.50151
saturn;5.00017;7.62322;7.62322
uranus;15.2207;-12.9002;-12.9002
neptune;17.5882;-24.4402;-24.4402
sun;0.00327403;-0.00659557;-0.00659557
jupiter;2.19238;4.51496;4.51496
saturn;4.98203;7.63435;7.63435
uranus;15.2299;-12.8899;-12.8899
neptune;17.5974;-24.4334;-24.4334
sun;0.00330243;-0.00661225;-0.00661225
jupiter;2.16715;4.52826;4.52826
saturn;4.96387;7.64544;7.64544
uranus;15.239;-12.8795;-12.8795
neptune;17.6067;-24.4266;-24.4266
sun;0.00333091;-0.00662878;-0.00662878
jupiter;2.14186;4.54143;4.54143
saturn;4.94568;7.65649;7.65649
uranus;15.2482;-12.8692;-12.8692
neptune;17.6159;-24.4198;-24.4198
sun;0.00335945;-0.00664516;-0.00664516
jupiter;2.1165;4.55445;4.55445
saturn;4.92747;7.6675;7.6675
uranus;15.2574;-12.8588;-12.8588
neptune;17.6251;-24.413;-24.413
sun;0.00338807;-0.0066614;-0.0066614
jupiter;2.09107;4.56733;4.56733
saturn;4.90923;7.67847;7.67847
uranus;15.2665;-12.8485;-12.8485
neptune;17.6344;-24.4061;-24.4061
sun;0.00341676;-0.00667749;-0.00667749
jupiter;2.06558;4.58007;4.58007
saturn;4.89096;7.68939;7.68939
uranus;15.2757;-12.8381;-12.8381
neptune;17.6436;-24.3993;-24.3993
sun;0.00344551;-0.00669344;-0.00669344
jupiter;2.04003;4.59267;4.59267
saturn;4.87267;7.70028;7.70028
uranus;15.2848;-12.8278;-12.8278
neptune;17.6528;-24.3925;-24.3925
sun;0.00347433;-0.00670924;-0.00670924
jupiter;2.01441;4.60512;4.60512
saturn;4.85435;7.71113;7.71113
uranus;15.2939;-12.8174;-12.8174
neptune;17.662;-24.3857;-24.3857
sun;0.00350322;-0.00672489;-0.00672489
jupiter;1.98873;4.61744;4.61744
saturn;4.83601;7.72194;7.72194
uranus;15.3031;-12.807;-12.807
neptune;17.6712;-24.3789;-24.3789
sun;0.00353218;-0.00674039;-0.00674039
jupiter;1.96299;4.6296;4.6296
saturn;4.81765;7.73271;7.73271
uranus;15.3122;-12.7966;-12.7966
neptune;17.6804;-24.372;-24.372
sun;0.0035612;-0.00675574;-0.00675574
jupiter;1.93719;4.64163;4.64163
saturn;4.79925;7.74344;7.74344
uranus;15.3213;-12.7863;-12.7863
neptune;17.6897;-24.3652;-24.3652
sun;0.00359029;-0.00677095;-0.00677095
jupiter;1.91132;4.65351;4.65351
saturn;4.78084;7.75413;7.75413
uranus;15.3304;-12.7759;-12.7759
neptune;17.6989;-24.3584;-24.3584
sun;0.00361944;-0.00678601;-0.00678601
jupiter;1.8854;4.66525;4.66525
saturn;4.76239;7.76477;7.76477
uranus;15.3395;-12.7655;-12.7655
neptune;17.7081;-24.3515;-24.3515
sun;0.00364865;-0.00680091;-0.00680091
jupiter;1.85942;4.67684;4.67684
saturn;4.74393;7.77538;7.77538
uranus;15.3486;-12.755;-12.755
neptune;17.7173;-24.3447;-24.3447
sun;0.00367793;-0.00681567;-0.00681567
jupiter;1.83339;4.68829;4.68829
saturn;4.72544;7.78595;7.78595
uranus;15.3576;-12.7446;-12.7446
neptune;17.7265;-24.3378;-24.3378
sun;0.00370726;-0.00683028;-0.00683028
jupiter;1.8073;4.69959;4.69959
saturn;4.70692;7.79647;7.79647
uranus;15.3667;-12.7342;-12.7342
neptune;17.7357;-24.331;-24.331
sun;0.00373666;-0.00684474;-0.00684474
jupiter;1.78115;4.71075;4.71075
saturn;4.68838;7.80695;7.80695
uranus;15.3758;-12.7238;-12.7238
neptune;17.7449;-24.3241;-24.3241
sun;0.00376612;-0.00685905;-0.00685905
jupiter;1.75494;4.72177;4.72177
saturn;4.66981;7.8174;7.8174
uranus;15.3848;-12.7133;-12.7133
neptune;17.7541;-24.3173;-24.3173
sun;0.00379564;-0.00687321;-0.00687321
jupiter;1.72869;4.73263;4.73263
saturn;4.65122;7.8278;7.8278
uranus;15.3939;-12.7029;-12.7029
neptune;17.7632;-24.3104;-24.3104
sun;0.00382521;-0.00688722;-0.00688722
jupiter;1.70238;4.74336;4.74336
saturn;4.63261;7.83816;7.83816
uranus;15.4029;-12.6925;-12.6925
neptune;17.7724;-24.3036;-24.3036
sun;0.00385484;-0.00690108;-0.00690108
jupiter;1.67602;4.75393;4.75393
saturn;4.61397;7.84848;7.84848
uranus;15.412;-12.682;-12.682
neptune;17.7816;-24.2967;-24.2967
sun;0.00388453;-0.00691479;-0.00691479
jupiter;1.6496;4.76436;4.76436
saturn;4.5953;7.85876;7.85876
uranus;15.421;-12.6715;-12.6715
neptune;17.7908;-24.2898;-24.2898
sun;0.00391427;-0.00692834;-0.00692834
jupiter;1.62314;4.77465;4.77465
saturn;4.57662;7.869;7.869
uranus;15.43;-12.6611;-12.6611
neptune;17.8;-24.283;-24.283
sun;0.00394407;-0.00694175;-0.00694175
jupiter;1.59662;4.78478;4.78478
saturn;4.55791;7.87919;7.87919
uranus;15.439;-12.6506;-12.6506
neptune;17.8091;-24.2761;-24.2761
sun;0.00397392;-0.006955;-0.006955
jupiter;1.57006;4.79477;4.79477
saturn;4.53917;7.88935;7.88935
uranus;15.448;-12.6401;-12.6401
neptune;17.8183;-24.2692;-24.2692
sun;0.00400383;-0.00696811;-0.00696811
jupiter;1.54345;4.80462;4.80462
saturn;4.52041;7.89946;7.89946
uranus;15.457;-12.6296;-12.6296
neptune;17.8275;-24.2623;-24.2623
sun;0.00403378;-0.00698105;-0.00698105
jupiter;1.51679;4.81431;4.81431
saturn;4.50163;7.90954;7.90954
uranus;15.466;-12.6192;-12.6192
neptune;17.8367;-24.2554;-24.2554
sun;0.00406379;-0.00699385;-0.00699385
jupiter;1.49009;4.82386;4.82386
saturn;4.48282;7.91957;7.91957
uranus;15.475;-12.6087;-12.6087
neptune;17.8458;-24.2485;-24.2485
sun;0.00409385;-0.0070065;-0.0070065
jupiter;1.46334;4.83326;4.83326
saturn;4.46399;7.92956;7.92956
uranus;15.4839;-12.5982;-12.5982
neptune;17.855;-24.2416;-24.2416
sun;0.00412396;-0.00701899;-0.00701899
jupiter;1.43655;4.84251;4.84251
saturn;4.44514;7.93951;7.93951
uranus;15.4929;-12.5876;-12.5876
neptune;17.8642;-24.2347;-24.2347
sun;0.00415412;-0.00703133;-0.00703133
jupiter;1.40971;4.85162;4.85162
saturn;4.42626;7.94941;7.94941
uranus;15.5019;-12.5771;-12.5771
neptune;17.8733;-24.2278;-24.2278
sun;0.00418432;-0.00704352;-0.00704352
jupiter;1.38283;4.86058;4.86058
saturn;4.40736;7.95928;7.95928
uranus;15.5108;-12.5666;-12.5666
neptune;17.8825;-24.2209;-24.2209
sun;0.00421458;-0.00705555;-0.00705555
jupiter;1.35591;4.86938;4.86938
saturn;4.38844;7.9691;7.9691
uranus;15.5197;-12.5561;-12.5561
neptune;17.8916;-24.214;-24.214
sun;0.00424488;-0.00706743;-0.00706743
jupiter;1.32895;4.87804;4.87804
saturn;4.36949;7.97888;7.97888
uranus;15.5287;-12.5455;-12.5455
neptune;17.9008;-24.2071;-24.2071
sun;0.00427522;-0.00707916;-0.00707916
jupiter;1.30194;4.88656;4.88656
saturn;4.35053;7.98862;7.98862
uranus;15.5376;-12.535;-12.535
neptune;17.9099;-24.2002;-24.2002
sun;0.00430561;-0.00709073;-0.00709073
jupiter;1.2749;4.89492;4.89492
saturn;4.33153;7.99832;7.99832
uranus;15.5465;-12.5245;-12.5245
neptune;17.9191;-24.1933;-24.1933
sun;0.00433604;-0.00710215;-0.00710215
jupiter;1.24782;4.90313;4.90313
saturn;4.31252;8.00797;8.00797
uranus;15.5554;-12.5139;-12.5139
neptune;17.9282;-24.1863;-24.1863
sun;0.00436652;-0.00711342;-0.00711342
jupiter;1.2207;4.9112;4.9112
saturn;4.29348;8.01759;8.01759
uranus;15.5643;-12.5033;-12.5033
neptune;17.9373;-24.1794;-24.1794
sun;0.00439704;-0.00712453;-0.00712453
jupiter;1.19354;4.91911;4.91911
saturn;4.27442;8.02716;8.02716
uranus;15.5732;-12.4928;-12.4928
neptune;17.9465;-24.1725;-24.1725
sun;0.0044276;-0.00713549;-0.00713549
jupiter;1.16635;4.92688;4.92688
saturn;4.25534;8.03669;8.03669
uranus;15.5821;-12.4822;-12.4822
neptune;17.9556;-24.1656;-24.1656
sun;0.0044582;-0.00714629;-0.00714629
jupiter;1.13912;4.93449;4.93449
saturn;4.23623;8.04617;8.04617
uranus;15.591;-12.4716;-12.4716
neptune;17.9647;-24.1586;-24.1586
sun;0.00448884;-0.00715694;-0.00715694
jupiter;1.11186;4.94196;4.94196
saturn;4.21711;8.05562;8.05562
uranus;15.5998;-12.461;-12.461
neptune;17.9739;-24.1517;-24.1517
sun;0.00451952;-0.00716743;-0.00716743
jupiter;1.08457;4.94928;4.94928
saturn;4.19796;8.06502;8.06502
uranus;15.6087;-12.4505;-12.4505
neptune;17.983;-24.1447;-24.1447
sun;0.00455023;-0.00717777;-0.00717777
jupiter;1.05724;4.95644;4.95644
saturn;4.17879;8.07438;8.07438
uranus;15.6176;-12.4399;-12.4399
neptune;17.9921;-24.1378;-24.1378
sun;0.00458099;-0.00718796;-0.00718796
jupiter;1.02988;4.96346;4.96346
saturn;4.15959;8.08369;8.08369
uranus;15.6264;-12.4293;-12.4293
neptune;18.0013;-24.1308;-24.1308
sun;0.00461177;-0.00719799;-0.00719799
jupiter;1.00249;4.97033;4.97033
saturn;4.14038;8.09297;8.09297
uranus;15.6353;-12.4186;-12.4186
neptune;18.0104;-24.1239;-24.1239
sun;0.0046426;-0.00720786;-0.00720786
jupiter;0.975071;4.97704;4.97704
saturn;4.12114;8.1022;8.1022
uranus;15.6441;-12.408;-12.408
neptune;18.0195;-24.1169;-24.1169
sun;0.00467346;-0.00721758;-0.00721758
jupiter;0.947621;4.98361;4.98361
saturn;4.10188;8.11139;8.11139
uranus;15.6529;-12.3974;-12.3974
neptune;18.0286;-24.11;-24.11
sun;0.00470435;-0.00722714;-0.00722714
jupiter;0.920143;4.99003;4.99003
saturn;4.0826;8.12054;8.12054
uranus;15.6617;-12.3868;-12.3868
neptune;18.0377;-24.103;-24.103
sun;0.00473528;-0.00723655;-0.00723655
jupiter;0.892638;4.99629;4.99629
saturn;4.0633;8.12964;8.12964
uranus;15.6705;-12.3762;-12.3762
neptune;18.0468;-24.096;-24.096
sun;0.00476624;-0.00724581;-0.00724581
jupiter;0.865106;5.00241;5.00241
saturn;4.04398;8.1387;8.1387
uranus;15.6793;-12.3655;-12.3655
neptune;18.0559;-24.0891;-24.0891
sun;0.00479723;-0.0072549;-0.0072549
jupiter;0.837548;5.00837;5.00837
saturn;4.02463;8.14772;8.14772
uranus;15.6881;-12.3549;-12.3549
neptune;18.065;-24.0821;-24.0821
sun;0.00482825;-0.00726385;-0.00726385
jupiter;0.809965;5.01419;5.01419
saturn;4.00527;8.1567;8.1567
uranus;15.6969;-12.3442;-12.3442
neptune;18.0741;-24.0751;-24.0751
sun;0.0048593;-0.00727263;-0.00727263
jupiter;0.782358;5.01985;5.01985
saturn;3.98588;8.16563;8.16563
uranus;15.7057;-12.3336;-12.3336
neptune;18.0832;-24.0681;-24.0681
sun;0.00489037;-0.00728126;-0.00728126
jupiter;0.754728;5.02536;5.02536
saturn;3.96647;8.17452;8.17452
uranus;15.7145;-12.3229;-12.3229
neptune;18.0923;-24.0611;-24.0611
sun;0.00492148;-0.00728974;-0.00728974
jupiter;0.727075;5.03073;5.03073
saturn;3.94704;8.18337;8.18337
uranus;15.7232;-12.3122;-12.3122
neptune;18.1014;-24.0541;-24.0541
sun;0.00495261;-0.00729806;-0.00729806
jupiter;0.699401;5.03594;5.03594
saturn;3.92759;8.19217;8.19217
uranus;15.732;-12.3015;-12.3015
neptune;18.1105;-24.0471;-24.0471
sun;0.00498377;-0.00730622;-0.00730622
jupiter;0.671706;5.041;5.041
saturn;3.90812;8.20093;8.20093
uranus;15.7407;-12.2909;-12.2909
neptune;18.1196;-24.0402;-24.0402
sun;0.00501496;-0.00731423;-0.00731423
jupiter;0.643991;5.04591;5.04591
saturn;3.88863;8.20965;8.20965
uranus;15.7495;-12.2802;-12.2802
neptune;18.1287;-24.0332;-24.0332
sun;0.00504617;-0.00732208;-0.00732208
jupiter;0.616257;5.05067;5.05067
saturn;3.86912;8.21832;8.21832
uranus;15.7582;-12.2695;-12.2695
neptune;18.1378;-24.0261;-24.0261
sun;0.0050774;-0.00732977;-0.00732977
jupiter;0.588504;5.05527;5.05527
saturn;3.84959;8.22695;8.22695
uranus;15.7669;-12.2588;-12.2588
neptune;18.1468;-24.0191;-24.0191
sun;0.00510866;-0.00733731;-0.00733731
jupiter;0.560735;5.05973;5.05973
saturn;3.83004;8.23554;8.23554
uranus;15.7756;-12.2481;-12.2481
neptune;18.1559;-24.0121;-24.0121
sun;0.00513993;-0.00734469;-0.00734469
jupiter;0.532949;5.06404;5.06404
saturn;3.81046;8.24408;8.24408
uranus;15.7843;-12.2374;-12.2374
neptune;18.165;-24.0051;-24.0051
sun;0.00517123;-0.00735192;-0.00735192
jupiter;0.505147;5.06819;5.06819
saturn;3.79087;8.25258;8.25258
uranus;15.793;-12.2266;-12.2266
neptune;18.1741;-23.9981;-23.9981
sun;0.00520255;-0.00735899;-0.00735899
jupiter;0.47733;5.07219;5.07219
saturn;3.77126;8.26104;8.26104
uranus;15.8017;-12.2159;-12.2159
neptune;18.1831;-23.9911;-23.9911
sun;0.00523389;-0.0073659;-0.0073659
jupiter;0.4495;5.07605;5.07605
saturn;3.75163;8.26945;8.26945
uranus;15.8104;-12.2052;-12.2052
neptune;18.1922;-23.9841;-23.9841
sun;0.00526525;-0.00737266;-0.00737266
jupiter;0.421656;5.07975;5.07975
saturn;3.73197;8.27782;8.27782
uranus;15.8191;-12.1944;-12.1944
neptune;18.2013;-23.977;-23.977
sun;0.00529662;-0.00737926;-0.00737926
jupiter;0.3938;5.0833;5.0833
saturn;3.7123;8.28614;8.28614
uranus;15.8277;-12.1837;-12.1837
neptune;18.2103;-23.97;-23.97
sun;0.00532802;-0.00738571;-0.00738571
jupiter;0.365932;5.0867;5.0867
saturn;3.69261;8.29443;8.29443
uranus;15.8364;-12.173;-12.173
neptune;18.2194;-23.963;-23.963
sun;0.00535943;-0.007392;-0.007392
jupiter;0.338054;5.08995;5.08995
saturn;3.6729;8.30266;8.30266
uranus;15.8451;-12.1622;-12.1622
neptune;18.2284;-23.9559;-23.9559
sun;0.00539085;-0.00739813;-0.00739813
jupiter;0.310166;5.09305;5.09305
saturn;3.65317;8.31086;8.31086
uranus;15.8537;-12.1514;-12.1514
neptune;18.2375;-23.9489;-23.9489
sun;0.00542229;-0.00740411;-0.00740411
jupiter;0.282269;5.09599;5.09599
saturn;3.63342;8.31901;8.31901
uranus;15.8623;-12.1407;-12.1407
neptune;18.2466;-23.9418;-23.9418
sun;0.00545374;-0.00740993;-0.00740993
jupiter;0.254364;5.09879;5.09879
saturn;3.61365;8.32712;8.32712
uranus;15.871;-12.1299;-12.1299
neptune;18.2556;-23.9348;-23.9348
sun;0.00548521;-0.00741559;-0.00741559
jupiter;0.226451;5.10143;5.10143
saturn;3.59386;8.33518;8.33518
uranus;15.8796;-12.1191;-12.1191
neptune;18.2646;-23.9277;-23.9277
sun;0.00551668;-0.0074211;-0.0074211
jupiter;0.198532;5.10393;5.10393
saturn;3.57405;8.3432;8.3432
uranus;15.8882;-12.1083;-12.1083
neptune;18.2737;-23.9207;-23.9207
sun;0.00554817;-0.00742646;-0.00742646
jupiter;0.170608;5.10627;5.10627
saturn;3.55423;8.35117;8.35117
uranus;15.8968;-12.0975;-12.0975
neptune;18.2827;-23.9136;-23.9136
sun;0.00557967;-0.00743165;-0.00743165
jupiter;0.142678;5.10847;5.10847
saturn;3.53438;8.3591;8.3591
uranus;15.9054;-12.0867;-12.0867
neptune;18.2918;-23.9066;-23.9066
sun;0.00561118;-0.00743669;-0.00743669
jupiter;0.114745;5.11051;5.11051
saturn;3.51452;8.36699;8.36699
uranus;15.914;-12.0759;-12.0759
neptune;18.3008;-23.8995;-23.8995
sun;0.0056427;-0.00744158;-0.00744158
jupiter;0.086808;5.1124;5.1124
saturn;3.49464;8.37483;8.37483
uranus;15.9226;-12.0651;-12.0651
neptune;18.3098;-23.8924;-23.8924
sun;0.00567422;-0.00744631;-0.00744631
jupiter;0.058869;5.11414;5.11414
saturn;3.47474;8.38263;8.38263
uranus;15.9311;-12.0543;-12.0543
neptune;18.3189;-23.8853;-23.8853
sun;0.00570576;-0.00745088;-0.00745088
jupiter;0.0309285;5.11573;5.11573
saturn;3.45482;8.39038;8.39038
uranus;15.9397;-12.0435;-12.0435
neptune;18.3279;-23.8783;-23.8783
sun;0.0057373;-0.00745529;-0.00745529
jupiter;0.0029873;5.11717;5.11717
saturn;3.43488;8.39809;8.39809
uranus;15.9483;-12.0327;-12.0327
neptune;18.3369;-23.8712;-23.8712
sun;0.00576884;-0.00745956;-0.00745956
jupiter;-0.0249538;5.11846;5.11846
saturn;3.41492;8.40575;8.40575
uranus;15.9568;-12.0218;-12.0218
neptune;18.3459;-23.8641;-23.8641
sun;0.00580039;-0.00746366;-0.00746366
jupiter;-0.052894;5.1196;5.1196
saturn;3.39495;8.41337;8.41337
uranus;15.9654;-12.011;-12.011
neptune;18.355;-23.857;-23.857
sun;0.00583195;-0.00746761;-0.00746761
jupiter;-0.0808324;5.12059;5.12059
saturn;3.37496;8.42095;8.42095
uranus;15.9739;-12.0001;-12.0001
neptune;18.364;-23.8499;-23.8499
sun;0.0058635;-0.00747141;-0.00747141
jupiter;-0.108768;5.12143;5.12143
saturn;3.35495;8.42848;8.42848
uranus;15.9824;-11.9893;-11.9893
neptune;18.373;-23.8428;-23.8428
sun;0.00589506;-0.00747504;-0.00747504
jupiter;-0.136701;5.12212;5.12212
saturn;3.33492;8.43597;8.43597
uranus;15.9909;-11.9784;-11.9784
neptune;18.382;-23.8357;-23.8357
sun;0.00592662;-0.00747853;-0.00747853
jupiter;-0.164629;5.12266;5.12266
saturn;3.31488;8.44341;8.44341
uranus;15.9994;-11.9676;-11.9676
neptune;18.391;-23.8286;-23.8286
sun;0.00595818;-0.00748186;-0.00748186
jupiter;-0.192552;5.12305;5.12305
saturn;3.29481;8.45081;8.45081
uranus;16.0079;-11.9567;-11.9567
neptune;18.4;-23.8215;-23.8215
sun;0.00598974;-0.00748503;-0.00748503
jupiter;-0.22047;5.12329;5.12329
saturn;3.27473;8.45816;8.45816
uranus;16.0164;-11.9458;-11.9458
neptune;18.409;-23.8144;-23.8144
sun;0.00602131;-0.00748805;-0.00748805
jupiter;-0.24838;5.12339;5.12339
saturn;3.25464;8.46547;8.46547
uranus;16.0249;-11.9349;-11.9349
neptune;18.418;-23.8073;-23.8073
sun;0.00605286;-0.00749091;-0.00749091
jupiter;-0.276284;5.12333;5.12333
saturn;3.23452;8.47273;8.47273
uranus;16.0334;-11.9241;-11.9241
neptune;18.427;-23.8002;-23.8002
sun;0.00608442;-0.00749362;-0.00749362
